Blink_x,Blink_y,Blink_n_x,Blink_n_y,Perclos_x,Perclos_y,Entropy_x,Entropy_y,Fatigue_x,Fatigue_y,Fatigue_Message_x,Fatigue_Message_y
3.6843130588531494,0.2563110550499502,0,0,0,0,0,0,0,0,,
5.171010255813599,0.32328142734438425,,,,,,,,,,
6.94156289100647,0.3114328802774069,,,,,,,,,,
8.207565307617188,0.4306148836741216,,,,,,,,,,
9.53808879852295,0.4673537136856508,,,,,,,,,,
10.094083309173584,0.48647789868957975,,,,,,,,,,
10.70859146118164,0.423432033081769,,,,,,,,,,
13.353877067565918,0.4283640298658524,,,,,,,,,,
16.24286437034607,0.2907370523934008,,,,,,,,,,
